index,cardinality,distortion
0,7290,0.414394
1,2066,0.881447
2,26960,0.107906
3,1949,1.097725
