index,cardinality,distortion
0,2495,0.312257
1,3265,0.363325
2,2201,0.699513
3,686,0.581881
4,21870,0.083208
5,6476,0.159319
6,650,0.660524
7,622,0.669225
