index,cardinality,distortion
0,9694,0.819159
1,28571,0.163826
