index,cardinality,distortion
0,20706,0.100707
1,56328,0.016895
