index,cardinality,distortion
0,7413,0.016608
1,2041,0.038724
2,2809,0.028149
3,1635,0.050887
4,26877,0.008363
5,24881,0.005312
6,7308,0.014419
7,4070,0.022050
