index,cardinality,distortion
0,5707,0.049390
1,6600,0.064806
2,51305,0.011229
3,13422,0.028988
