index,cardinality,distortion
0,15319,0.304042
1,20321,0.372363
2,4626,0.762302
3,9973,0.871956
4,43784,0.129748
5,63789,0.108849
6,44770,0.171876
7,66104,0.122271
