index,cardinality,distortion
0,53564,0.705561
1,215122,0.180802
