index,cardinality,distortion
0,33749,0.381996
1,19909,0.864874
2,104419,0.156564
3,110609,0.154279
