index,cardinality,distortion
0,15071,0.276384
1,5829,1.100637
2,21185,0.082627
3,34949,0.113193
