index,cardinality,distortion
0,19801,0.655585
1,57233,0.117465
