index,cardinality,distortion
0,4596,0.186098
1,6779,0.268945
2,1169,0.749559
3,922,0.748880
4,17288,0.080926
5,7489,0.216902
6,36338,0.093168
7,2453,0.820314
