index,cardinality,distortion
0,58479,0.115005
1,210207,0.035949
