index,cardinality,distortion
0,44179,0.042705
1,20262,0.140105
2,95276,0.027365
3,108969,0.012464
