index,cardinality,distortion
0,20354,0.017979
1,18669,0.031780
2,5658,0.067774
3,11143,0.053492
4,9505,0.059061
5,64848,0.011270
6,81515,0.007206
7,56994,0.009298
